product_id,shops
10925220,"12,1,14,10,11,13,15"
10931490,"12,1,14,10,11,13,15"
10931462,"12,1,14,10,11,13,15"
10901053,"12,1,14,10,11,13,15"
10988253,"12,1,14,10,11,13,15"
80300003,"12,1,14,10,11,13,15"
10988534,"12,1,14,10,11,13,15"
10931605,"12,1,14,10,11,13,15"
10988225,"12,1,14,10,11,13,15"
12003035,"12,1,14,10,11,13,15"
10991296,"12,1,14,10,11,13,15"
10917708,"12,1,14,10,11,13,15"
10981779,"12,1,14,10,11,13,15"
10989202,"12,1,14,10,11,13,15"
80401072,"12,1,14,10,11,13,15"
10931494,"12,1,14,10,11,13,15"
10953645,"12,1,14,10,11,13,15"
10984745,"12,1,14,10,11,13,15"
10915959,"12,1,14,10,11,13,15"
10975520,"12,1,14,10,11,13,15"
10917172,"12,1,14,10,11,13,15"
12002052,"12,1,14,10,11,13,15"
10931873,"12,1,14,10,11,13,15"
10924794,"12,1,14,10,11,13,15"
10975514,"12,1,14,10,11,13,15"
10951515,"12,1,14,10,11,13,15"
10984738,"12,1,14,10,11,13,15"
10949069,"12,1,14,10,11,13,15"
10990871,"12,1,14,10,11,13,15"
10905412,"12,1,14,10,11,13,15"
12000112,"12,1,14,10,11,13,15"
10931724,"12,1,14,10,11,13,15"
10936605,"12,1,14,10,11,13,15"
12002445,"12,1,14,10,11,13,15"
10920267,"12,1,14,10,11,13,15"
10903344,"12,1,14,10,11,13,15"
12000604,"12,1,14,10,11,13,15"
12000734,"12,1,14,10,11,13,15"
12003164,"12,1,14,10,11,13,15"
10989606,"12,1,14,10,11,13,15"
10007267,"12,1,14,10,11,13,15"
10927898,"12,1,14,10,11,13,15"
10990698,"12,1,14,10,11,13,15"
10991159,"12,1,14,10,11,13,15"
10000710,"12,1,14,10,11,13,15"
10918962,"12,1,14,10,11,13,15"
10936292,"12,1,14,10,11,13,15"
10982052,"12,1,14,10,11,13,15"
10988172,"12,1,14,10,11,13,15"
10990872,"12,1,14,10,11,13,15"
10918973,"12,1,14,10,11,13,15"
12002796,"12,1,14,10,11,13,15"
12000307,"12,1,14,10,11,13,15"
10952838,"12,1,14,10,11,13,15"
10990348,"12,1,14,10,11,13,15"
10903079,"12,1,14,10,11,13,15"
10990212,"12,1,14,10,11,13,15"
10934074,"12,1,14,10,11,13,15"
80100155,"12,1,14,10,11,13,15"
12001936,"12,1,14,10,11,13,15"
80100156,"12,1,14,10,11,13,15"
10990279,"12,1,14,10,11,13,15"
10901891,"12,1,14,10,11,13,15"
10931421,"12,1,14,10,11,13,15"
10004855,"12,1,14,10,11,13,15"
10929915,"12,1,14,10,11,13,15"
10009816,"12,1,14,10,11,13,15"
12000316,"12,1,14,10,11,13,15"
10975877,"12,1,14,10,11,13,15"
10982307,"12,1,14,10,11,13,15"
12002807,"12,1,14,10,11,13,15"
10000031,"12,1,14,10,11,13,15"
10917451,"12,1,14,10,11,13,15"
10001014,"12,1,14,10,11,13,15"
10928064,"12,1,14,10,11,13,15"
10001075,"12,1,14,10,11,13,15"
10916106,"12,1,14,10,11,13,15"
10988087,"12,1,14,10,11,13,15"
10007268,"12,1,14,10,11,13,15"
10929281,"12,1,14,10,11,13,15"
10948782,"12,1,14,10,11,13,15"
10982335,"12,1,14,10,11,13,15"
10981667,"12,1,14,10,11,13,15"
10971708,"12,1,14,10,11,13,15"
10988498,"12,1,14,10,11,13,15"
10955629,"12,1,14,10,11,13,15"
10928800,"12,1,14,10,11,13,15"
10985340,"12,1,14,10,11,13,15"
10973091,"12,1,14,10,11,13,15"
10987601,"12,1,14,10,11,13,15"
80401401,"12,1,14,10,11,13,15"
80410251,"12,1,14,10,11,13,15"
10987482,"12,1,14,10,11,13,15"
10986803,"12,1,14,10,11,13,15"
10986324,"12,1,14,10,11,13,15"
10907955,"12,1,14,10,11,13,15"
10985876,"12,1,14,10,11,13,15"
10988227,"12,1,14,10,11,13,15"
10990097,"12,1,14,10,11,13,15"
10000801,"12,1,14,10,11,13,15"
10001012,"12,1,14,10,11,13,15"
12002242,"12,1,14,10,11,13,15"
10917255,"12,1,14,10,11,13,15"
10989345,"12,1,14,10,11,13,15"
10901036,"12,1,14,10,11,13,15"
10947707,"12,1,14,10,11,13,15"
10904818,"12,1,14,10,11,13,15"
10918691,"12,1,14,10,11,13,15"
10975792,"12,1,14,10,11,13,15"
10920494,"12,1,14,10,11,13,15"
10982065,"12,1,14,10,11,13,15"
12000575,"12,1,14,10,11,13,15"
10904817,"12,1,14,10,11,13,15"
12003389,"12,1,14,10,11,13,15"
12003430,"12,1,14,10,11,13,15"
10919591,"12,1,14,10,11,13,15"
10955271,"12,1,14,10,11,13,15"
10901723,"12,1,14,10,11,13,15"
12001943,"12,1,14,10,11,13,15"
12000254,"12,1,14,10,11,13,15"
10988185,"12,1,14,10,11,13,15"
10983656,"12,1,14,10,11,13,15"
10975829,"12,1,14,10,11,13,15"
10985899,"12,1,14,10,11,13,15"
10932411,"12,1,14,10,11,13,15"
10986441,"12,1,14,10,11,13,15"
12000522,"12,1,14,10,11,13,15"
10954684,"12,1,14,10,11,13,15"
10930876,"12,1,14,10,11,13,15"
10932096,"12,1,14,10,11,13,15"
10930027,"12,1,14,10,11,13,15"
12003488,"12,1,14,10,11,13,15"
80400478,"12,1,14,10,11,13,15"
10985990,"12,1,14,10,11,13,15"
10004031,"12,1,14,10,11,13,15"
10903561,"12,1,14,10,11,13,15"
10988671,"12,1,14,10,11,13,15"
10989211,"12,1,14,10,11,13,15"
10985613,"12,1,14,10,11,13,15"
12000563,"12,1,14,10,11,13,15"
10918476,"12,1,14,10,11,13,15"
10989456,"12,1,14,10,11,13,15"
12000798,"12,1,14,10,11,13,15"
10914069,"12,1,14,10,11,13,15"
12000230,"12,1,14,10,11,13,15"
10903342,"12,1,14,10,11,13,15"
10988222,"12,1,14,10,11,13,15"
12000073,"12,1,14,10,11,13,15"
20000143,"12,1,14,10,11,13,15"
10902645,"12,1,14,10,11,13,15"
10921135,"12,1,14,10,11,13,15"
10931085,"12,1,14,10,11,13,15"
12002755,"12,1,14,10,11,13,15"
10921536,"12,1,14,10,11,13,15"
12001627,"12,1,14,10,11,13,15"
20000167,"12,1,14,10,11,13,15"
10988940,"12,1,14,10,11,13,15"
10938251,"12,1,14,10,11,13,15"
80100251,"12,1,14,10,11,13,15"
10987544,"12,1,14,10,11,13,15"
10986226,"12,1,14,10,11,13,15"
12000766,"12,1,14,10,11,13,15"
10985897,"12,1,14,10,11,13,15"
10929868,"12,1,14,10,11,13,15"
10929049,"12,1,14,10,11,13,15"
12000469,"12,1,14,10,11,13,15"
10918480,"12,1,14,10,11,13,15"
10981581,"12,1,14,10,11,13,15"
10990322,"12,1,14,10,11,13,15"
10920865,"12,1,14,10,11,13,15"
10984565,"12,1,14,10,11,13,15"
10986746,"12,1,14,10,11,13,15"
10988486,"12,1,14,10,11,13,15"
10900357,"12,1,14,10,11,13,15"
10927630,"12,1,14,10,11,13,15"
10917192,"12,1,14,10,11,13,15"
10003894,"12,1,14,10,11,13,15"
10936454,"12,1,14,10,11,13,15"
10931675,"12,1,14,10,11,13,15"
20000235,"12,1,14,10,11,13,15"
10986416,"12,1,14,10,11,13,15"
10901577,"12,1,14,10,11,13,15"
80400587,"12,1,14,10,11,13,15"
10971758,"12,1,14,10,11,13,15"
10985478,"12,1,14,10,11,13,15"
10918089,"12,1,14,10,11,13,15"
10929939,"12,1,14,10,11,13,15"
10984333,"12,1,14,10,11,13,15"
10990874,"12,1,14,10,11,13,15"
12001214,"12,1,14,10,11,13,15"
10984715,"12,1,14,10,11,13,15"
10985695,"12,1,14,10,11,13,15"
10946896,"12,1,14,10,11,13,15"
10975879,"12,1,14,10,11,13,15"
10970600,"12,1,14,10,11,13,15"
10981932,"12,1,14,10,11,13,15"
10989262,"12,1,14,10,11,13,15"
10984713,"12,1,14,10,11,13,15"
10975414,"12,1,14,10,11,13,15"
10901655,"12,1,14,10,11,13,15"
10984705,"12,1,14,10,11,13,15"
12002385,"12,1,14,10,11,13,15"
10989876,"12,1,14,10,11,13,15"
10007947,"12,1,14,10,11,13,15"
10918539,"12,1,14,10,11,13,15"
12002412,"12,1,14,10,11,13,15"
10985784,"12,1,14,10,11,13,15"
12000245,"12,1,14,10,11,13,15"
10930218,"12,1,14,10,11,13,15"
10988148,"12,1,14,10,11,13,15"
10989009,"12,1,14,10,11,13,15"
10982880,"12,1,14,10,11,13,15"
80401441,"12,1,14,10,11,13,15"
10931233,"12,1,14,10,11,13,15"
10990044,"12,1,14,10,11,13,15"
12000134,"12,1,14,10,11,13,15"
12000344,"12,1,14,10,11,13,15"
10948696,"12,1,14,10,11,13,15"
10988228,"12,1,14,10,11,13,15"
10988199,"12,1,14,10,11,13,15"
10986390,"12,1,14,10,11,13,15"
10900031,"12,1,14,10,11,13,15"
10989331,"12,1,14,10,11,13,15"
10928932,"12,1,14,10,11,13,15"
10929203,"12,1,14,10,11,13,15"
10987313,"12,1,14,10,11,13,15"
10985554,"12,1,14,10,11,13,15"
10917156,"12,1,14,10,11,13,15"
10969746,"12,1,14,10,11,13,15"
10971756,"12,1,14,10,11,13,15"
10950878,"12,1,14,10,11,13,15"
10006239,"12,1,14,10,11,13,15"
10988161,"12,1,14,10,11,13,15"
10989062,"12,1,14,10,11,13,15"
80401144,"12,1,14,10,11,13,15"
10990125,"12,1,14,10,11,13,15"
10988156,"12,1,14,10,11,13,15"
12000737,"12,1,14,10,11,13,15"
10931198,"12,1,14,10,11,13,15"
10934090,"12,1,14,10,11,13,15"
10988110,"12,1,14,10,11,13,15"
80100261,"12,1,14,10,11,13,15"
10982324,"12,1,14,10,11,13,15"
10931729,"12,1,14,10,11,13,15"
10986319,"12,1,14,10,11,13,15"
12001680,"12,1,14,10,11,13,15"
10985031,"12,1,14,10,11,13,15"
12000421,"12,1,14,10,11,13,15"
10971613,"12,1,14,10,11,13,15"
80401135,"12,1,14,10,11,13,15"
10990840,"12,1,14,10,11,13,15"
10951751,"12,1,14,10,11,13,15"
10984932,"12,1,14,10,11,13,15"
10982323,"12,1,14,10,11,13,15"
10988005,"12,1,14,10,11,13,15"
12000126,"12,1,14,10,11,13,15"
10981597,"12,1,14,10,11,13,15"
10953958,"12,1,14,10,11,13,15"
10987710,"12,1,14,10,11,13,15"
10989101,"12,1,14,10,11,13,15"
80400841,"12,1,14,10,11,13,15"
10988762,"12,1,14,10,11,13,15"
10985113,"12,1,14,10,11,13,15"
10988793,"12,1,14,10,11,13,15"
10906014,"12,1,14,10,11,13,15"
10975704,"12,1,14,10,11,13,15"
10988104,"12,1,14,10,11,13,15"
10920065,"12,1,14,10,11,13,15"
10988168,"12,1,14,10,11,13,15"
12000308,"12,1,14,10,11,13,15"
10901109,"12,1,14,10,11,13,15"
10948649,"12,1,14,10,11,13,15"
10969549,"12,1,14,10,11,13,15"
10929120,"12,1,14,10,11,13,15"
80202120,"12,1,14,10,11,13,15"
10989061,"12,1,14,10,11,13,15"
10931552,"12,1,14,10,11,13,15"
12000452,"12,1,14,10,11,13,15"
80100443,"12,1,14,10,11,13,15"
10988795,"12,1,14,10,11,13,15"
10988186,"12,1,14,10,11,13,15"
10901788,"12,1,14,10,11,13,15"
10981841,"12,1,14,10,11,13,15"
10916092,"12,1,14,10,11,13,15"
12001023,"12,1,14,10,11,13,15"
10991114,"12,1,14,10,11,13,15"
10920675,"12,1,14,10,11,13,15"
10984736,"12,1,14,10,11,13,15"
12003446,"12,1,14,10,11,13,15"
10985528,"12,1,14,10,11,13,15"
10990259,"12,1,14,10,11,13,15"
12001939,"12,1,14,10,11,13,15"
10901422,"12,1,14,10,11,13,15"
10915095,"12,1,14,10,11,13,15"
10949796,"12,1,14,10,11,13,15"
12003588,"12,1,14,10,11,13,15"
12003499,"12,1,14,10,11,13,15"
12000770,"12,1,14,10,11,13,15"
10934011,"12,1,14,10,11,13,15"
10987951,"12,1,14,10,11,13,15"
10991442,"12,1,14,10,11,13,15"
12001683,"12,1,14,10,11,13,15"
10918624,"12,1,14,10,11,13,15"
10930674,"12,1,14,10,11,13,15"
12001004,"12,1,14,10,11,13,15"
10929135,"12,1,14,10,11,13,15"
12002465,"12,1,14,10,11,13,15"
10989816,"12,1,14,10,11,13,15"
10902109,"12,1,14,10,11,13,15"
10913919,"12,1,14,10,11,13,15"
10917620,"12,1,14,10,11,13,15"
10916211,"12,1,14,10,11,13,15"
10968932,"12,1,14,10,11,13,15"
10917433,"12,1,14,10,11,13,15"
10914305,"12,1,14,10,11,13,15"
10988917,"12,1,14,10,11,13,15"
10921549,"12,1,14,10,11,13,15"
10985199,"12,1,14,10,11,13,15"
10988839,"12,1,14,10,11,13,15"
10990081,"12,1,14,10,11,13,15"
10983503,"12,1,14,10,11,13,15"
12000314,"12,1,14,10,11,13,15"
10955665,"12,1,14,10,11,13,15"
10927828,"12,1,14,10,11,13,15"
10980528,"12,1,14,10,11,13,15"
80100481,"12,1,14,10,11,13,15"
10928884,"12,1,14,10,11,13,15"
10931744,"12,1,14,10,11,13,15"
10931894,"12,1,14,10,11,13,15"
12001574,"12,1,14,10,11,13,15"
10003727,"12,1,14,10,11,13,15"
10007207,"12,1,14,10,11,13,15"
10988258,"12,1,14,10,11,13,15"
10990049,"12,1,14,10,11,13,15"
10988171,"12,1,14,10,11,13,15"
12000781,"12,1,14,10,11,13,15"
80400584,"12,1,14,10,11,13,15"
10988147,"12,1,14,10,11,13,15"
10972010,"12,1,14,10,11,13,15"
10985960,"12,1,14,10,11,13,15"
10986056,"12,1,14,10,11,13,15"
12000537,"12,1,14,10,11,13,15"
12001897,"12,1,14,10,11,13,15"
80400627,"12,1,14,10,11,13,15"
10986658,"12,1,14,10,11,13,15"
10906210,"12,1,14,10,11,13,15"
10977360,"12,1,14,10,11,13,15"
10983813,"12,1,14,10,11,13,15"
12000503,"12,1,14,10,11,13,15"
10928754,"12,1,14,10,11,13,15"
10955664,"12,1,14,10,11,13,15"
12002704,"12,1,14,10,11,13,15"
10931545,"12,1,14,10,11,13,15"
10988195,"12,1,14,10,11,13,15"
12000506,"12,1,14,10,11,13,15"
10984628,"12,1,14,10,11,13,15"
10930990,"12,1,14,10,11,13,15"
10984640,"12,1,14,10,11,13,15"
10984772,"12,1,14,10,11,13,15"
10931803,"12,1,14,10,11,13,15"
10964333,"12,1,14,10,11,13,15"
10900165,"12,1,14,10,11,13,15"
10988146,"12,1,14,10,11,13,15"
10984609,"12,1,14,10,11,13,15"
10917290,"12,1,14,10,11,13,15"
10946800,"12,1,14,10,11,13,15"
10919241,"12,1,14,10,11,13,15"
10955181,"12,1,14,10,11,13,15"
10977713,"12,1,14,10,11,13,15"
10984303,"12,1,14,10,11,13,15"
10987845,"12,1,14,10,11,13,15"
10977546,"12,1,14,10,11,13,15"
10905869,"12,1,14,10,11,13,15"
10005480,"12,1,14,10,11,13,15"
10928063,"12,1,14,10,11,13,15"
10988803,"12,1,14,10,11,13,15"
12000784,"12,1,14,10,11,13,15"
12003135,"12,1,14,10,11,13,15"
10991376,"12,1,14,10,11,13,15"
10987837,"12,1,14,10,11,13,15"
10934120,"12,1,14,10,11,13,15"
10001613,"12,1,14,10,11,13,15"
10007133,"12,1,14,10,11,13,15"
10934083,"12,1,14,10,11,13,15"
10952833,"12,1,14,10,11,13,15"
80401073,"12,1,14,10,11,13,15"
10930564,"12,1,14,10,11,13,15"
10981954,"12,1,14,10,11,13,15"
10916886,"12,1,14,10,11,13,15"
10980426,"12,1,14,10,11,13,15"
10903477,"12,1,14,10,11,13,15"
12000370,"12,1,14,10,11,13,15"
10916421,"12,1,14,10,11,13,15"
10915552,"12,1,14,10,11,13,15"
10907253,"12,1,14,10,11,13,15"
10975957,"12,1,14,10,11,13,15"
12003507,"12,1,14,10,11,13,15"
10969548,"12,1,14,10,11,13,15"
10988179,"12,1,14,10,11,13,15"
10986320,"12,1,14,10,11,13,15"
10936061,"12,1,14,10,11,13,15"
10984911,"12,1,14,10,11,13,15"
10932862,"12,1,14,10,11,13,15"
10990252,"12,1,14,10,11,13,15"
80100292,"12,1,14,10,11,13,15"
10920353,"12,1,14,10,11,13,15"
12000304,"12,1,14,10,11,13,15"
10929555,"12,1,14,10,11,13,15"
10984615,"12,1,14,10,11,13,15"
10921598,"12,1,14,10,11,13,15"
10925219,"12,1,14,10,11,13,15"
10989233,"12,1,14,10,11,13,15"
10904204,"12,1,14,10,11,13,15"
10949134,"12,1,14,10,11,13,15"
12000074,"12,1,14,10,11,13,15"
10985525,"12,1,14,10,11,13,15"
10989826,"12,1,14,10,11,13,15"
10987928,"12,1,14,10,11,13,15"
10988799,"12,1,14,10,11,13,15"
10989459,"12,1,14,10,11,13,15"
10921650,"12,1,14,10,11,13,15"
10931110,"12,1,14,10,11,13,15"
20000240,"12,1,14,10,11,13,15"
10901041,"12,1,14,10,11,13,15"
10915212,"12,1,14,10,11,13,15"
10926162,"12,1,14,10,11,13,15"
10989452,"12,1,14,10,11,13,15"
10930383,"12,1,14,10,11,13,15"
10932403,"12,1,14,10,11,13,15"
10985033,"12,1,14,10,11,13,15"
10901864,"12,1,14,10,11,13,15"
10988646,"12,1,14,10,11,13,15"
10932687,"12,1,14,10,11,13,15"
10971198,"12,1,14,10,11,13,15"
10947699,"12,1,14,10,11,13,15"
10976369,"12,1,14,10,11,13,15"
10001372,"12,1,14,10,11,13,15"
10925162,"12,1,14,10,11,13,15"
10990827,"12,1,14,10,11,13,15"
10983359,"12,1,14,10,11,13,15"
10989870,"12,1,14,10,11,13,15"
10984761,"12,1,14,10,11,13,15"
10988221,"12,1,14,10,11,13,15"
10949843,"12,1,14,10,11,13,15"
10929235,"12,1,14,10,11,13,15"
10988949,"12,1,14,10,11,13,15"
80401139,"12,1,14,10,11,13,15"
10987970,"12,1,14,10,11,13,15"
10905351,"12,1,14,10,11,13,15"
10937211,"12,1,14,10,11,13,15"
80100021,"12,1,14,10,11,13,15"
10931593,"12,1,14,10,11,13,15"
10902034,"12,1,14,10,11,13,15"
10975714,"12,1,14,10,11,13,15"
10988474,"12,1,14,10,11,13,15"
10920535,"12,1,14,10,11,13,15"
10930215,"12,1,14,10,11,13,15"
10931485,"12,1,14,10,11,13,15"
10969748,"12,1,14,10,11,13,15"
10919240,"12,1,14,10,11,13,15"
10990580,"12,1,14,10,11,13,15"
10000791,"12,1,14,10,11,13,15"
10929162,"12,1,14,10,11,13,15"
10000805,"12,1,14,10,11,13,15"
10988776,"12,1,14,10,11,13,15"
10901097,"12,1,14,10,11,13,15"
10977537,"12,1,14,10,11,13,15"
10931519,"12,1,14,10,11,13,15"
10949253,"12,1,14,10,11,13,15"
10904894,"12,1,14,10,11,13,15"
12001594,"12,1,14,10,11,13,15"
10919865,"12,1,14,10,11,13,15"
10988166,"12,1,14,10,11,13,15"
12001596,"12,1,14,10,11,13,15"
10901888,"12,1,14,10,11,13,15"
12000109,"12,1,14,10,11,13,15"
10931520,"12,1,14,10,11,13,15"
10929922,"12,1,14,10,11,13,15"
10914354,"12,1,14,10,11,13,15"
10915344,"12,1,14,10,11,13,15"
10984605,"12,1,14,10,11,13,15"
10916429,"12,1,14,10,11,13,15"
10918249,"12,1,14,10,11,13,15"
10915630,"12,1,14,10,11,13,15"
10991420,"12,1,14,10,11,13,15"
10955011,"12,1,14,10,11,13,15"
10902732,"12,1,14,10,11,13,15"
80410313,"12,1,14,10,11,13,15"
10904805,"12,1,14,10,11,13,15"
10928025,"12,1,14,10,11,13,15"
20000115,"12,1,14,10,11,13,15"
10006366,"12,1,14,10,11,13,15"
10905726,"12,1,14,10,11,13,15"
10929559,"12,1,14,10,11,13,15"
10931521,"12,1,14,10,11,13,15"
10975641,"12,1,14,10,11,13,15"
10975285,"12,1,14,10,11,13,15"
10982909,"12,1,14,10,11,13,15"
10986052,"12,1,14,10,11,13,15"
10007153,"12,1,14,10,11,13,15"
12001813,"12,1,14,10,11,13,15"
12003183,"12,1,14,10,11,13,15"
10985205,"12,1,14,10,11,13,15"
10915330,"12,1,14,10,11,13,15"
10927111,"12,1,14,10,11,13,15"
10954171,"12,1,14,10,11,13,15"
10988252,"12,1,14,10,11,13,15"
10905033,"12,1,14,10,11,13,15"
12000385,"12,1,14,10,11,13,15"
10928826,"12,1,14,10,11,13,15"
10930676,"12,1,14,10,11,13,15"
10951077,"12,1,14,10,11,13,15"
10929938,"12,1,14,10,11,13,15"
10988251,"12,1,14,10,11,13,15"
12001931,"12,1,14,10,11,13,15"
10989552,"12,1,14,10,11,13,15"
12000284,"12,1,14,10,11,13,15"
10914775,"12,1,14,10,11,13,15"
10914486,"12,1,14,10,11,13,15"
10919006,"12,1,14,10,11,13,15"
10929146,"12,1,14,10,11,13,15"
10931518,"12,1,14,10,11,13,15"
10968948,"12,1,14,10,11,13,15"
12000293,"12,1,14,10,11,13,15"
10922094,"12,1,14,10,11,13,15"
10932875,"12,1,14,10,11,13,15"
10989465,"12,1,14,10,11,13,15"
10971707,"12,1,14,10,11,13,15"
12002507,"12,1,14,10,11,13,15"
10988489,"12,1,14,10,11,13,15"
10987721,"12,1,14,10,11,13,15"
10984315,"12,1,14,10,11,13,15"
12000276,"12,1,14,10,11,13,15"
10930407,"12,1,14,10,11,13,15"
10971287,"12,1,14,10,11,13,15"
10918478,"12,1,14,10,11,13,15"
10988718,"12,1,14,10,11,13,15"
10983240,"12,1,14,10,11,13,15"
20000270,"12,1,14,10,11,13,15"
10917711,"12,1,14,10,11,13,15"
10937212,"12,1,14,10,11,13,15"
12000512,"12,1,14,10,11,13,15"
10932183,"12,1,14,10,11,13,15"
10931625,"12,1,14,10,11,13,15"
10930566,"12,1,14,10,11,13,15"
10905712,"12,1,14,10,11,13,15"
10988215,"12,1,14,10,11,13,15"
10005456,"12,1,14,10,11,13,15"
10990966,"12,1,14,10,11,13,15"
10007201,"12,1,14,10,11,13,15"
10900164,"12,1,14,10,11,13,15"
10988174,"12,1,14,10,11,13,15"
10990254,"12,1,14,10,11,13,15"
10931687,"12,1,14,10,11,13,15"
12003607,"12,1,14,10,11,13,15"
10930658,"12,1,14,10,11,13,15"
12000578,"12,1,14,10,11,13,15"
10984569,"12,1,14,10,11,13,15"
10926841,"12,1,14,10,11,13,15"
10927861,"12,1,14,10,11,13,15"
10928751,"12,1,14,10,11,13,15"
10990123,"12,1,14,10,11,13,15"
10902584,"12,1,14,10,11,13,15"
12000754,"12,1,14,10,11,13,15"
10969745,"12,1,14,10,11,13,15"
10984576,"12,1,14,10,11,13,15"
10918477,"12,1,14,10,11,13,15"
10004028,"12,1,14,10,11,13,15"
10971548,"12,1,14,10,11,13,15"
10989989,"12,1,14,10,11,13,15"
10931720,"12,1,14,10,11,13,15"
10988250,"12,1,14,10,11,13,15"
10902031,"12,1,14,10,11,13,15"
10915631,"12,1,14,10,11,13,15"
10932041,"12,1,14,10,11,13,15"
10988191,"12,1,14,10,11,13,15"
10988332,"12,1,14,10,11,13,15"
12000742,"12,1,14,10,11,13,15"
10984584,"12,1,14,10,11,13,15"
10901235,"12,1,14,10,11,13,15"
10920926,"12,1,14,10,11,13,15"
12001896,"12,1,14,10,11,13,15"
10990967,"12,1,14,10,11,13,15"
10990928,"12,1,14,10,11,13,15"
10920360,"12,1,14,10,11,13,15"
10000601,"12,1,14,10,11,13,15"
10920961,"12,1,14,10,11,13,15"
12000541,"12,1,14,10,11,13,15"
12002071,"12,1,14,10,11,13,15"
10969902,"12,1,14,10,11,13,15"
10982053,"12,1,14,10,11,13,15"
10920754,"12,1,14,10,11,13,15"
10986467,"12,1,14,10,11,13,15"
10915848,"12,1,14,10,11,13,15"
10988688,"12,1,14,10,11,13,15"
12003020,"12,1,14,10,11,13,15"
10975891,"12,1,14,10,11,13,15"
12000574,"12,1,14,10,11,13,15"
10986446,"12,1,14,10,11,13,15"
12000228,"12,1,14,10,11,13,15"
10988209,"12,1,14,10,11,13,15"
12003620,"12,1,14,10,11,13,15"
10903371,"12,1,14,10,11,13,15"
10915082,"12,1,14,10,11,13,15"
10931232,"12,1,14,10,11,13,15"
12001243,"12,1,14,10,11,13,15"
12000127,"12,1,14,10,11,13,15"
12000598,"12,1,14,10,11,13,15"
10987813,"12,1,14,10,11,13,15"
10987843,"12,1,14,10,11,13,15"
80401318,"12,1,14,10,11,13,15"
10930989,"12,1,14,10,11,13,15"
10928373,"12,1,14,10,11,13,15"
10980424,"12,1,14,10,11,13,15"
12001204,"12,1,14,10,11,13,15"
10905727,"12,1,14,10,11,13,15"
10971277,"12,1,14,10,11,13,15"
10988157,"12,1,14,10,11,13,15"
10986308,"12,1,14,10,11,13,15"
10901739,"12,1,14,10,11,13,15"
10919009,"12,1,14,10,11,13,15"
10949800,"12,1,14,10,11,13,15"
80400470,"12,1,14,10,11,13,15"
10915513,"12,1,14,10,11,13,15"
10988774,"12,1,14,10,11,13,15"
12001854,"12,1,14,10,11,13,15"
10952726,"12,1,14,10,11,13,15"
10974956,"12,1,14,10,11,13,15"
20000118,"12,1,14,10,11,13,15"
10989710,"12,1,14,10,11,13,15"
10931091,"12,1,14,10,11,13,15"
10988491,"12,1,14,10,11,13,15"
12000724,"12,1,14,10,11,13,15"
12000755,"12,1,14,10,11,13,15"
10932699,"12,1,14,10,11,13,15"
10931251,"12,1,14,10,11,13,15"
10988001,"12,1,14,10,11,13,15"
10991421,"12,1,14,10,11,13,15"
10987952,"12,1,14,10,11,13,15"
10930055,"12,1,14,10,11,13,15"
10931546,"12,1,14,10,11,13,15"
10990066,"12,1,14,10,11,13,15"
80401076,"12,1,14,10,11,13,15"
10991087,"12,1,14,10,11,13,15"
10903788,"12,1,14,10,11,13,15"
10986540,"12,1,14,10,11,13,15"
10983821,"12,1,14,10,11,13,15"
10926132,"12,1,14,10,11,13,15"
10984702,"12,1,14,10,11,13,15"
10926133,"12,1,14,10,11,13,15"
10918245,"12,1,14,10,11,13,15"
10987695,"12,1,14,10,11,13,15"
10989365,"12,1,14,10,11,13,15"
12000505,"12,1,14,10,11,13,15"
12001655,"12,1,14,10,11,13,15"
10932376,"12,1,14,10,11,13,15"
10977809,"12,1,14,10,11,13,15"
12000229,"12,1,14,10,11,13,15"
10931580,"12,1,14,10,11,13,15"
80401131,"12,1,14,10,11,13,15"
10001094,"12,1,14,10,11,13,15"
10916694,"12,1,14,10,11,13,15"
10915495,"12,1,14,10,11,13,15"
12000165,"12,1,14,10,11,13,15"
10927746,"12,1,14,10,11,13,15"
10985816,"12,1,14,10,11,13,15"
10915199,"12,1,14,10,11,13,15"
10930599,"12,1,14,10,11,13,15"
10989509,"12,1,14,10,11,13,15"
10988950,"12,1,14,10,11,13,15"
10001013,"12,1,14,10,11,13,15"
10903993,"12,1,14,10,11,13,15"
12000373,"12,1,14,10,11,13,15"
12000713,"12,1,14,10,11,13,15"
10905717,"12,1,14,10,11,13,15"
10932008,"12,1,14,10,11,13,15"
10931999,"12,1,14,10,11,13,15"
10989240,"12,1,14,10,11,13,15"
10921071,"12,1,14,10,11,13,15"
10929941,"12,1,14,10,11,13,15"
10989252,"12,1,14,10,11,13,15"
12000253,"12,1,14,10,11,13,15"
80410203,"12,1,14,10,11,13,15"
10984545,"12,1,14,10,11,13,15"
10978728,"12,1,14,10,11,13,15"
10928931,"12,1,14,10,11,13,15"
10929211,"12,1,14,10,11,13,15"
10000792,"12,1,14,10,11,13,15"
10932142,"12,1,14,10,11,13,15"
10987402,"12,1,14,10,11,13,15"
10989872,"12,1,14,10,11,13,15"
10900593,"12,1,14,10,11,13,15"
10901453,"12,1,14,10,11,13,15"
10990873,"12,1,14,10,11,13,15"
12002124,"12,1,14,10,11,13,15"
10932075,"12,1,14,10,11,13,15"
10918968,"12,1,14,10,11,13,15"
10007509,"12,1,14,10,11,13,15"
12001969,"12,1,14,10,11,13,15"
12002000,"12,1,14,10,11,13,15"
10904611,"12,1,14,10,11,13,15"
10928681,"12,1,14,10,11,13,15"
10989362,"12,1,14,10,11,13,15"
12002282,"12,1,14,10,11,13,15"
10901233,"12,1,14,10,11,13,15"
10918953,"12,1,14,10,11,13,15"
10901968,"12,1,14,10,11,13,15"
10983958,"12,1,14,10,11,13,15"
10983030,"12,1,14,10,11,13,15"
10986550,"12,1,14,10,11,13,15"
10990050,"12,1,14,10,11,13,15"
10988211,"12,1,14,10,11,13,15"
10989882,"12,1,14,10,11,13,15"
12000322,"12,1,14,10,11,13,15"
10989063,"12,1,14,10,11,13,15"
10975634,"12,1,14,10,11,13,15"
10984724,"12,1,14,10,11,13,15"
10000655,"12,1,14,10,11,13,15"
10990826,"12,1,14,10,11,13,15"
10991380,"12,1,14,10,11,13,15"
10917251,"12,1,14,10,11,13,15"
10931591,"12,1,14,10,11,13,15"
10929112,"12,1,14,10,11,13,15"
10985962,"12,1,14,10,11,13,15"
10991413,"12,1,14,10,11,13,15"
10001404,"12,1,14,10,11,13,15"
10983115,"12,1,14,10,11,13,15"
10003638,"12,1,14,10,11,13,15"
10983388,"12,1,14,10,11,13,15"
10985388,"12,1,14,10,11,13,15"
10985638,"12,1,14,10,11,13,15"
10921510,"12,1,14,10,11,13,15"
12000220,"12,1,14,10,11,13,15"
10988213,"12,1,14,10,11,13,15"
10975824,"12,1,14,10,11,13,15"
10989004,"12,1,14,10,11,13,15"
10905725,"12,1,14,10,11,13,15"
12000348,"12,1,14,10,11,13,15"
10915219,"12,1,14,10,11,13,15"
10903560,"12,1,14,10,11,13,15"
10980040,"12,1,14,10,11,13,15"
10990260,"12,1,14,10,11,13,15"
12002920,"12,1,14,10,11,13,15"
10915321,"12,1,14,10,11,13,15"
10000532,"12,1,14,10,11,13,15"
12000562,"12,1,14,10,11,13,15"
20000142,"12,1,14,10,11,13,15"
10990323,"12,1,14,10,11,13,15"
80401063,"12,1,14,10,11,13,15"
10934354,"12,1,14,10,11,13,15"
12000454,"12,1,14,10,11,13,15"
10901757,"12,1,14,10,11,13,15"
10988388,"12,1,14,10,11,13,15"
10985871,"12,1,14,10,11,13,15"
10975093,"12,1,14,10,11,13,15"
80410293,"12,1,14,10,11,13,15"
10929404,"12,1,14,10,11,13,15"
10928275,"12,1,14,10,11,13,15"
10929695,"12,1,14,10,11,13,15"
10933916,"12,1,14,10,11,13,15"
10986307,"12,1,14,10,11,13,15"
12000138,"12,1,14,10,11,13,15"
10991431,"12,1,14,10,11,13,15"
10901105,"12,1,14,10,11,13,15"
10901537,"12,1,14,10,11,13,15"
10984408,"12,1,14,10,11,13,15"
10991131,"12,1,14,10,11,13,15"
80400483,"12,1,14,10,11,13,15"
10930757,"12,1,14,10,11,13,15"
10906738,"12,1,14,10,11,13,15"
12003470,"12,1,14,10,11,13,15"
10000391,"12,1,14,10,11,13,15"
12000731,"12,1,14,10,11,13,15"
10968982,"12,1,14,10,11,13,15"
80400583,"12,1,14,10,11,13,15"
10000714,"12,1,14,10,11,13,15"
10905734,"12,1,14,10,11,13,15"
10987404,"12,1,14,10,11,13,15"
12000285,"12,1,14,10,11,13,15"
10984746,"12,1,14,10,11,13,15"
12001017,"12,1,14,10,11,13,15"
10922260,"12,1,14,10,11,13,15"
10930890,"12,1,14,10,11,13,15"
10901141,"12,1,14,10,11,13,15"
10932002,"12,1,14,10,11,13,15"
10917724,"12,1,14,10,11,13,15"
10919565,"12,1,14,10,11,13,15"
10951028,"12,1,14,10,11,13,15"
10980089,"12,1,14,10,11,13,15"
10918410,"12,1,14,10,11,13,15"
10930290,"12,1,14,10,11,13,15"
10930650,"12,1,14,10,11,13,15"
10921191,"12,1,14,10,11,13,15"
10976371,"12,1,14,10,11,13,15"
12002911,"12,1,14,10,11,13,15"
12002922,"12,1,14,10,11,13,15"
10990943,"12,1,14,10,11,13,15"
12002675,"12,1,14,10,11,13,15"
10916406,"12,1,14,10,11,13,15"
10984718,"12,1,14,10,11,13,15"
10986379,"12,1,14,10,11,13,15"
10903011,"12,1,14,10,11,13,15"
10983892,"12,1,14,10,11,13,15"
10932243,"12,1,14,10,11,13,15"
10955164,"12,1,14,10,11,13,15"
10991414,"12,1,14,10,11,13,15"
10990095,"12,1,14,10,11,13,15"
12000587,"12,1,14,10,11,13,15"
10931240,"12,1,14,10,11,13,15"
80401091,"12,1,14,10,11,13,15"
10901242,"12,1,14,10,11,13,15"
10983702,"12,1,14,10,11,13,15"
10985872,"12,1,14,10,11,13,15"
10991412,"12,1,14,10,11,13,15"
80401062,"12,1,14,10,11,13,15"
10009824,"12,1,14,10,11,13,15"
10901954,"12,1,14,10,11,13,15"
10921034,"12,1,14,10,11,13,15"
10927874,"12,1,14,10,11,13,15"
10978554,"12,1,14,10,11,13,15"
10919236,"12,1,14,10,11,13,15"
10987316,"12,1,14,10,11,13,15"
10930759,"12,1,14,10,11,13,15"
10914830,"12,1,14,10,11,13,15"
10932240,"12,1,14,10,11,13,15"
10932740,"12,1,14,10,11,13,15"
10990100,"12,1,14,10,11,13,15"
10901642,"12,1,14,10,11,13,15"
10986112,"12,1,14,10,11,13,15"
10929204,"12,1,14,10,11,13,15"
10986425,"12,1,14,10,11,13,15"
10900736,"12,1,14,10,11,13,15"
10991387,"12,1,14,10,11,13,15"
10927008,"12,1,14,10,11,13,15"
10988200,"12,1,14,10,11,13,15"
10988271,"12,1,14,10,11,13,15"
10929372,"12,1,14,10,11,13,15"
12003153,"12,1,14,10,11,13,15"
80401083,"12,1,14,10,11,13,15"
80401303,"12,1,14,10,11,13,15"
10916094,"12,1,14,10,11,13,15"
12002164,"12,1,14,10,11,13,15"
12001735,"12,1,14,10,11,13,15"
10969756,"12,1,14,10,11,13,15"
10914367,"12,1,14,10,11,13,15"
10917257,"12,1,14,10,11,13,15"
10931408,"12,1,14,10,11,13,15"
10931522,"12,1,14,10,11,13,15"
12001653,"12,1,14,10,11,13,15"
10919770,"12,1,14,10,11,13,15"
10931130,"12,1,14,10,11,13,15"
10917292,"12,1,14,10,11,13,15"
10969922,"12,1,14,10,11,13,15"
10985322,"12,1,14,10,11,13,15"
10005353,"12,1,14,10,11,13,15"
12002044,"12,1,14,10,11,13,15"
12002745,"12,1,14,10,11,13,15"
10914096,"12,1,14,10,11,13,15"
10983476,"12,1,14,10,11,13,15"
10903469,"12,1,14,10,11,13,15"
10932390,"12,1,14,10,11,13,15"
80202123,"12,1,14,10,11,13,15"
10920064,"12,1,14,10,11,13,15"
10921076,"12,1,14,10,11,13,15"
10006367,"12,1,14,10,11,13,15"
10900077,"12,1,14,10,11,13,15"
10902227,"12,1,14,10,11,13,15"
10929208,"12,1,14,10,11,13,15"
10934250,"12,1,14,10,11,13,15"
10918491,"12,1,14,10,11,13,15"
10990321,"12,1,14,10,11,13,15"
12001841,"12,1,14,10,11,13,15"
10952783,"12,1,14,10,11,13,15"
10990763,"12,1,14,10,11,13,15"
10901644,"12,1,14,10,11,13,15"
10984294,"12,1,14,10,11,13,15"
10988794,"12,1,14,10,11,13,15"
10975826,"12,1,14,10,11,13,15"
10984836,"12,1,14,10,11,13,15"
10988476,"12,1,14,10,11,13,15"
10990096,"12,1,14,10,11,13,15"
10991336,"12,1,14,10,11,13,15"
10973727,"12,1,14,10,11,13,15"
10988197,"12,1,14,10,11,13,15"
10920109,"12,1,14,10,11,13,15"
10934350,"12,1,14,10,11,13,15"
10900261,"12,1,14,10,11,13,15"
10984332,"12,1,14,10,11,13,15"
10930733,"12,1,14,10,11,13,15"
10931323,"12,1,14,10,11,13,15"
10987364,"12,1,14,10,11,13,15"
10990204,"12,1,14,10,11,13,15"
10917116,"12,1,14,10,11,13,15"
10919810,"12,1,14,10,11,13,15"
10989990,"12,1,14,10,11,13,15"
10954292,"12,1,14,10,11,13,15"
10989824,"12,1,14,10,11,13,15"
12001125,"12,1,14,10,11,13,15"
10975878,"12,1,14,10,11,13,15"
10919279,"12,1,14,10,11,13,15"
10985120,"12,1,14,10,11,13,15"
10989811,"12,1,14,10,11,13,15"
10000034,"12,1,14,10,11,13,15"
10928934,"12,1,14,10,11,13,15"
10914355,"12,1,14,10,11,13,15"
10936607,"12,1,14,10,11,13,15"
10003729,"12,1,14,10,11,13,15"
10901039,"12,1,14,10,11,13,15"
10975720,"12,1,14,10,11,13,15"
10975880,"12,1,14,10,11,13,15"
12001910,"12,1,14,10,11,13,15"
10917241,"12,1,14,10,11,13,15"
12001703,"12,1,14,10,11,13,15"
10904884,"12,1,14,10,11,13,15"
10913924,"12,1,14,10,11,13,15"
10989434,"12,1,14,10,11,13,15"
10904165,"12,1,14,10,11,13,15"
20000146,"12,1,14,10,11,13,15"
10901838,"12,1,14,10,11,13,15"
10988198,"12,1,14,10,11,13,15"
10991278,"12,1,14,10,11,13,15"
10930629,"12,1,14,10,11,13,15"
10985180,"12,1,14,10,11,13,15"
10988811,"12,1,14,10,11,13,15"
10905574,"12,1,14,10,11,13,15"
12000594,"12,1,14,10,11,13,15"
12002004,"12,1,14,10,11,13,15"
10932405,"12,1,14,10,11,13,15"
10947518,"12,1,14,10,11,13,15"
10934312,"12,1,14,10,11,13,15"
80401132,"12,1,14,10,11,13,15"
10953973,"12,1,14,10,11,13,15"
10931595,"12,1,14,10,11,13,15"
90000035,"12,1,14,10,11,13,15"
10000486,"12,1,14,10,11,13,15"
12000516,"12,1,14,10,11,13,15"
12003516,"12,1,14,10,11,13,15"
10905018,"12,1,14,10,11,13,15"
10932088,"12,1,14,10,11,13,15"
10953438,"12,1,14,10,11,13,15"
10931409,"12,1,14,10,11,13,15"
10988749,"12,1,14,10,11,13,15"
12002070,"12,1,14,10,11,13,15"
10900451,"12,1,14,10,11,13,15"
10928972,"12,1,14,10,11,13,15"
10948822,"12,1,14,10,11,13,15"
10985192,"12,1,14,10,11,13,15"
12001642,"12,1,14,10,11,13,15"
12002244,"12,1,14,10,11,13,15"
10991415,"12,1,14,10,11,13,15"
80401166,"12,1,14,10,11,13,15"
10900957,"12,1,14,10,11,13,15"
10902747,"12,1,14,10,11,13,15"
10982977,"12,1,14,10,11,13,15"
12000119,"12,1,14,10,11,13,15"
10920063,"12,1,14,10,11,13,15"
10987844,"12,1,14,10,11,13,15"
10985765,"12,1,14,10,11,13,15"
10986505,"12,1,14,10,11,13,15"
10903896,"12,1,14,10,11,13,15"
10987716,"12,1,14,10,11,13,15"
10920798,"12,1,14,10,11,13,15"
10984568,"12,1,14,10,11,13,15"
12001979,"12,1,14,10,11,13,15"
10969741,"12,1,14,10,11,13,15"
10982751,"12,1,14,10,11,13,15"
10000762,"12,1,14,10,11,13,15"
10901712,"12,1,14,10,11,13,15"
10984762,"12,1,14,10,11,13,15"
12001662,"12,1,14,10,11,13,15"
10906013,"12,1,14,10,11,13,15"
10984373,"12,1,14,10,11,13,15"
12002223,"12,1,14,10,11,13,15"
10981994,"12,1,14,10,11,13,15"
10983814,"12,1,14,10,11,13,15"
12002364,"12,1,14,10,11,13,15"
10929727,"12,1,14,10,11,13,15"
10901498,"12,1,14,10,11,13,15"
10988259,"12,1,14,10,11,13,15"
10989430,"12,1,14,10,11,13,15"
10988241,"12,1,14,10,11,13,15"
10983322,"12,1,14,10,11,13,15"
10985792,"12,1,14,10,11,13,15"
10989303,"12,1,14,10,11,13,15"
10923635,"12,1,14,10,11,13,15"
10918366,"12,1,14,10,11,13,15"
10975496,"12,1,14,10,11,13,15"
10929277,"12,1,14,10,11,13,15"
10983418,"12,1,14,10,11,13,15"
10949792,"12,1,14,10,11,13,15"
12000172,"12,1,14,10,11,13,15"
10984723,"12,1,14,10,11,13,15"
10990280,"12,1,14,10,11,13,15"
10982131,"12,1,14,10,11,13,15"
10985611,"12,1,14,10,11,13,15"
10985662,"12,1,14,10,11,13,15"
80100514,"12,1,14,10,11,13,15"
10931685,"12,1,14,10,11,13,15"
12003465,"12,1,14,10,11,13,15"
10948808,"12,1,14,10,11,13,15"
10985949,"12,1,14,10,11,13,15"
12001919,"12,1,14,10,11,13,15"
10901240,"12,1,14,10,11,13,15"
10932092,"12,1,14,10,11,13,15"
10905024,"12,1,14,10,11,13,15"
10930114,"12,1,14,10,11,13,15"
10984895,"12,1,14,10,11,13,15"
10929916,"12,1,14,10,11,13,15"
10936056,"12,1,14,10,11,13,15"
12003466,"12,1,14,10,11,13,15"
10931537,"12,1,14,10,11,13,15"
20000127,"12,1,14,10,11,13,15"
10905719,"12,1,14,10,11,13,15"
80400601,"12,1,14,10,11,13,15"
10918882,"12,1,14,10,11,13,15"
10929882,"12,1,14,10,11,13,15"
10955272,"12,1,14,10,11,13,15"
10931743,"12,1,14,10,11,13,15"
12003393,"12,1,14,10,11,13,15"
10989945,"12,1,14,10,11,13,15"
12001945,"12,1,14,10,11,13,15"
10988708,"12,1,14,10,11,13,15"
12003449,"12,1,14,10,11,13,15"
10901631,"12,1,14,10,11,13,15"
10930702,"12,1,14,10,11,13,15"
10984832,"12,1,14,10,11,13,15"
10948824,"12,1,14,10,11,13,15"
10917576,"12,1,14,10,11,13,15"
10991156,"12,1,14,10,11,13,15"
10990067,"12,1,14,10,11,13,15"
20000267,"12,1,14,10,11,13,15"
10934248,"12,1,14,10,11,13,15"
10928109,"12,1,14,10,11,13,15"
10989469,"12,1,14,10,11,13,15"
10985121,"12,1,14,10,11,13,15"
12002232,"12,1,14,10,11,13,15"
80401232,"12,1,14,10,11,13,15"
10000864,"12,1,14,10,11,13,15"
10006444,"12,1,14,10,11,13,15"
12000527,"12,1,14,10,11,13,15"
10988212,"12,1,14,10,11,13,15"
10904735,"12,1,14,10,11,13,15"
10981965,"12,1,14,10,11,13,15"
80400485,"12,1,14,10,11,13,15"
10007388,"12,1,14,10,11,13,15"
10991002,"12,1,14,10,11,13,15"
10977893,"12,1,14,10,11,13,15"
10984156,"12,1,14,10,11,13,15"
12003178,"12,1,14,10,11,13,15"
10987533,"12,1,14,10,11,13,15"
10006365,"12,1,14,10,11,13,15"
10918117,"12,1,14,10,11,13,15"
10989198,"12,1,14,10,11,13,15"
10007909,"12,1,14,10,11,13,15"
10901969,"12,1,14,10,11,13,15"
10919292,"12,1,14,10,11,13,15"
10930912,"12,1,14,10,11,13,15"
10983823,"12,1,14,10,11,13,15"
12000813,"12,1,14,10,11,13,15"
12002074,"12,1,14,10,11,13,15"
10915445,"12,1,14,10,11,13,15"
10928305,"12,1,14,10,11,13,15"
12003447,"12,1,14,10,11,13,15"
10901548,"12,1,14,10,11,13,15"
10988672,"12,1,14,10,11,13,15"
12001612,"12,1,14,10,11,13,15"
10901654,"12,1,14,10,11,13,15"
10903155,"12,1,14,10,11,13,15"
12002055,"12,1,14,10,11,13,15"
10915216,"12,1,14,10,11,13,15"
10987706,"12,1,14,10,11,13,15"
10988167,"12,1,14,10,11,13,15"
10930048,"12,1,14,10,11,13,15"
10007661,"12,1,14,10,11,13,15"
10917442,"12,1,14,10,11,13,15"
10929482,"12,1,14,10,11,13,15"
10985562,"12,1,14,10,11,13,15"
10009905,"12,1,14,10,11,13,15"
10920015,"12,1,14,10,11,13,15"
10931665,"12,1,14,10,11,13,15"
12000145,"12,1,14,10,11,13,15"
12003536,"12,1,14,10,11,13,15"
10975797,"12,1,14,10,11,13,15"
10928941,"12,1,14,10,11,13,15"
12001922,"12,1,14,10,11,13,15"
10915914,"12,1,14,10,11,13,15"
10921534,"12,1,14,10,11,13,15"
10919805,"12,1,14,10,11,13,15"
10929885,"12,1,14,10,11,13,15"
10987267,"12,1,14,10,11,13,15"
10924468,"12,1,14,10,11,13,15"
80100518,"12,1,14,10,11,13,15"
10914489,"12,1,14,10,11,13,15"
10984970,"12,1,14,10,11,13,15"
10991040,"12,1,14,10,11,13,15"
10990672,"12,1,14,10,11,13,15"
10931783,"12,1,14,10,11,13,15"
10988484,"12,1,14,10,11,13,15"
10988176,"12,1,14,10,11,13,15"
10917277,"12,1,14,10,11,13,15"
10915198,"12,1,14,10,11,13,15"
10982338,"12,1,14,10,11,13,15"
12003608,"12,1,14,10,11,13,15"
10904339,"12,1,14,10,11,13,15"
10917170,"12,1,14,10,11,13,15"
10953312,"12,1,14,10,11,13,15"
10951064,"12,1,14,10,11,13,15"
10984996,"12,1,14,10,11,13,15"
10969757,"12,1,14,10,11,13,15"
10006951,"12,1,14,10,11,13,15"
10904641,"12,1,14,10,11,13,15"
10989115,"12,1,14,10,11,13,15"
10931098,"12,1,14,10,11,13,15"
10983808,"12,1,14,10,11,13,15"
10990579,"12,1,14,10,11,13,15"
10918382,"12,1,14,10,11,13,15"
10931712,"12,1,14,10,11,13,15"
10987403,"12,1,14,10,11,13,15"
12000324,"12,1,14,10,11,13,15"
10915197,"12,1,14,10,11,13,15"
10917377,"12,1,14,10,11,13,15"
10982707,"12,1,14,10,11,13,15"
10000598,"12,1,14,10,11,13,15"
10931529,"12,1,14,10,11,13,15"
10985529,"12,1,14,10,11,13,15"
10988220,"12,1,14,10,11,13,15"
10916301,"12,1,14,10,11,13,15"
10984331,"12,1,14,10,11,13,15"
10991201,"12,1,14,10,11,13,15"
10902692,"12,1,14,10,11,13,15"
10985802,"12,1,14,10,11,13,15"
10988214,"12,1,14,10,11,13,15"
10926695,"12,1,14,10,11,13,15"
10988689,"12,1,14,10,11,13,15"
10914760,"12,1,14,10,11,13,15"
10977890,"12,1,14,10,11,13,15"
10988210,"12,1,14,10,11,13,15"
10900931,"12,1,14,10,11,13,15"
10931272,"12,1,14,10,11,13,15"
10931872,"12,1,14,10,11,13,15"
10914853,"12,1,14,10,11,13,15"
10915463,"12,1,14,10,11,13,15"
10924706,"12,1,14,10,11,13,15"
10991476,"12,1,14,10,11,13,15"
10000488,"12,1,14,10,11,13,15"
10900358,"12,1,14,10,11,13,15"
10989669,"12,1,14,10,11,13,15"
10901110,"12,1,14,10,11,13,15"
10988230,"12,1,14,10,11,13,15"
10901553,"12,1,14,10,11,13,15"
10931643,"12,1,14,10,11,13,15"
10975893,"12,1,14,10,11,13,15"
10988163,"12,1,14,10,11,13,15"
12001674,"12,1,14,10,11,13,15"
10938256,"12,1,14,10,11,13,15"
10901737,"12,1,14,10,11,13,15"
12002067,"12,1,14,10,11,13,15"
12000338,"12,1,14,10,11,13,15"
12003509,"12,1,14,10,11,13,15"
10988690,"12,1,14,10,11,13,15"
10984153,"12,1,14,10,11,13,15"
10988173,"12,1,14,10,11,13,15"
10905037,"12,1,14,10,11,13,15"
10926809,"12,1,14,10,11,13,15"
10906012,"12,1,14,10,11,13,15"
10988162,"12,1,14,10,11,13,15"
10989432,"12,1,14,10,11,13,15"
10919723,"12,1,14,10,11,13,15"
12000093,"12,1,14,10,11,13,15"
10934034,"12,1,14,10,11,13,15"
10906206,"12,1,14,10,11,13,15"
10932726,"12,1,14,10,11,13,15"
10902717,"12,1,14,10,11,13,15"
10971197,"12,1,14,10,11,13,15"
10983507,"12,1,14,10,11,13,15"
10903078,"12,1,14,10,11,13,15"
10988229,"12,1,14,10,11,13,15"
10916080,"12,1,14,10,11,13,15"
80100211,"12,1,14,10,11,13,15"
10903783,"12,1,14,10,11,13,15"
10983494,"12,1,14,10,11,13,15"
80401145,"12,1,14,10,11,13,15"
10916216,"12,1,14,10,11,13,15"
10921556,"12,1,14,10,11,13,15"
10931596,"12,1,14,10,11,13,15"
12003116,"12,1,14,10,11,13,15"
10916877,"12,1,14,10,11,13,15"
10989779,"12,1,14,10,11,13,15"
12003539,"12,1,14,10,11,13,15"
10918848,"12,1,14,10,11,13,15"
10987478,"12,1,14,10,11,13,15"
10914259,"12,1,14,10,11,13,15"
10986549,"12,1,14,10,11,13,15"
10901040,"12,1,14,10,11,13,15"
10918811,"12,1,14,10,11,13,15"
10919961,"12,1,14,10,11,13,15"
10984831,"12,1,14,10,11,13,15"
10928742,"12,1,14,10,11,13,15"
10916103,"12,1,14,10,11,13,15"
10901724,"12,1,14,10,11,13,15"
12003595,"12,1,14,10,11,13,15"
10988192,"12,1,14,10,11,13,15"
10988242,"12,1,14,10,11,13,15"
10914683,"12,1,14,10,11,13,15"
10988193,"12,1,14,10,11,13,15"
10981214,"12,1,14,10,11,13,15"
10986137,"12,1,14,10,11,13,15"
10987577,"12,1,14,10,11,13,15"
10989458,"12,1,14,10,11,13,15"
10991441,"12,1,14,10,11,13,15"
10905724,"12,1,14,10,11,13,15"
10988145,"12,1,14,10,11,13,15"
12003515,"12,1,14,10,11,13,15"
10000856,"12,1,14,10,11,13,15"
10971896,"12,1,14,10,11,13,15"
10990646,"12,1,14,10,11,13,15"
10917607,"12,1,14,10,11,13,15"
10919297,"12,1,14,10,11,13,15"
10980947,"12,1,14,10,11,13,15"
10985777,"12,1,14,10,11,13,15"
20000147,"12,1,14,10,11,13,15"
10930988,"12,1,14,10,11,13,15"
10982198,"12,1,14,10,11,13,15"
12001208,"12,1,14,10,11,13,15"
12000719,"12,1,14,10,11,13,15"
10975300,"12,1,14,10,11,13,15"
12000290,"12,1,14,10,11,13,15"
10902573,"12,1,14,10,11,13,15"
12003414,"12,1,14,10,11,13,15"
10988205,"12,1,14,10,11,13,15"
10901758,"12,1,14,10,11,13,15"
10928398,"12,1,14,10,11,13,15"
10991418,"12,1,14,10,11,13,15"
10932239,"12,1,14,10,11,13,15"
10000870,"12,1,14,10,11,13,15"
12000300,"12,1,14,10,11,13,15"
10975581,"12,1,14,10,11,13,15"
10929133,"12,1,14,10,11,13,15"
10988254,"12,1,14,10,11,13,15"
12001704,"12,1,14,10,11,13,15"
10985235,"12,1,14,10,11,13,15"
10927516,"12,1,14,10,11,13,15"
10930646,"12,1,14,10,11,13,15"
10937137,"12,1,14,10,11,13,15"
10945828,"12,1,14,10,11,13,15"
10985698,"12,1,14,10,11,13,15"
10903510,"12,1,14,10,11,13,15"
80401061,"12,1,14,10,11,13,15"
80400482,"12,1,14,10,11,13,15"
10932083,"12,1,14,10,11,13,15"
10971013,"12,1,14,10,11,13,15"
10927565,"12,1,14,10,11,13,15"
10928767,"12,1,14,10,11,13,15"
10902668,"12,1,14,10,11,13,15"
10975519,"12,1,14,10,11,13,15"
10925600,"12,1,14,10,11,13,15"
10988920,"12,1,14,10,11,13,15"
10915192,"12,1,14,10,11,13,15"
10989332,"12,1,14,10,11,13,15"
10915325,"12,1,14,10,11,13,15"
10988255,"12,1,14,10,11,13,15"
10988216,"12,1,14,10,11,13,15"
10950597,"12,1,14,10,11,13,15"
10930538,"12,1,14,10,11,13,15"
12002930,"12,1,14,10,11,13,15"
10925101,"12,1,14,10,11,13,15"
12000362,"12,1,14,10,11,13,15"
80400862,"12,1,14,10,11,13,15"
10901594,"12,1,14,10,11,13,15"
10987484,"12,1,14,10,11,13,15"
10983745,"12,1,14,10,11,13,15"
10989145,"12,1,14,10,11,13,15"
12003415,"12,1,14,10,11,13,15"
12002856,"12,1,14,10,11,13,15"
12003326,"12,1,14,10,11,13,15"
80401079,"12,1,14,10,11,13,15"
10991041,"12,1,14,10,11,13,15"
10001612,"12,1,14,10,11,13,15"
10000793,"12,1,14,10,11,13,15"
10928904,"12,1,14,10,11,13,15"
10946816,"12,1,14,10,11,13,15"
10929558,"12,1,14,10,11,13,15"
10930628,"12,1,14,10,11,13,15"
90000018,"12,1,14,10,11,13,15"
10971250,"12,1,14,10,11,13,15"
10975731,"12,1,14,10,11,13,15"
10989782,"12,1,14,10,11,13,15"
12002062,"12,1,14,10,11,13,15"
12000513,"12,1,14,10,11,13,15"
12000355,"12,1,14,10,11,13,15"
10988088,"12,1,14,10,11,13,15"
10955109,"12,1,14,10,11,13,15"
80100161,"12,1,14,10,11,13,15"
10981802,"12,1,14,10,11,13,15"
10988804,"12,1,14,10,11,13,15"
10976365,"12,1,14,10,11,13,15"
10915223,"12,1,14,10,11,13,15"
10987703,"12,1,14,10,11,13,15"
10920864,"12,1,14,10,11,13,15"
10990214,"12,1,14,10,11,13,15"
10915215,"12,1,14,10,11,13,15"
10920195,"12,1,14,10,11,13,15"
10975075,"12,1,14,10,11,13,15"
10982225,"12,1,14,10,11,13,15"
12002255,"12,1,14,10,11,13,15"
10983936,"12,1,14,10,11,13,15"
10988226,"12,1,14,10,11,13,15"
12000686,"12,1,14,10,11,13,15"
10920359,"12,1,14,10,11,13,15"
10932581,"12,1,14,10,11,13,15"
10984341,"12,1,14,10,11,13,15"
10908034,"12,1,14,10,11,13,15"
10927586,"12,1,14,10,11,13,15"
10991416,"12,1,14,10,11,13,15"
80401138,"12,1,14,10,11,13,15"
10931399,"12,1,14,10,11,13,15"
10988441,"12,1,14,10,11,13,15"
10981953,"12,1,14,10,11,13,15"
10919354,"12,1,14,10,11,13,15"
10921454,"12,1,14,10,11,13,15"
12003496,"12,1,14,10,11,13,15"
10987367,"12,1,14,10,11,13,15"
10989368,"12,1,14,10,11,13,15"
10977650,"12,1,14,10,11,13,15"
10986490,"12,1,14,10,11,13,15"
10981471,"12,1,14,10,11,13,15"
10900804,"12,1,14,10,11,13,15"
10904806,"12,1,14,10,11,13,15"
10983841,"12,1,14,10,11,13,15"
80401421,"12,1,14,10,11,13,15"
10947662,"12,1,14,10,11,13,15"
10936613,"12,1,14,10,11,13,15"
10975513,"12,1,14,10,11,13,15"
10928794,"12,1,14,10,11,13,15"
10901725,"12,1,14,10,11,13,15"
10920295,"12,1,14,10,11,13,15"
10985766,"12,1,14,10,11,13,15"
80401146,"12,1,14,10,11,13,15"
10007479,"12,1,14,10,11,13,15"
10917212,"12,1,14,10,11,13,15"
10926842,"12,1,14,10,11,13,15"
10926942,"12,1,14,10,11,13,15"
10988532,"12,1,14,10,11,13,15"
10915553,"12,1,14,10,11,13,15"
10937174,"12,1,14,10,11,13,15"
80100154,"12,1,14,10,11,13,15"
10000086,"12,1,14,10,11,13,15"
10989416,"12,1,14,10,11,13,15"
10975888,"12,1,14,10,11,13,15"
10989898,"12,1,14,10,11,13,15"
10929209,"12,1,14,10,11,13,15"
10988249,"12,1,14,10,11,13,15"
10930761,"12,1,14,10,11,13,15"
12000521,"12,1,14,10,11,13,15"
10989682,"12,1,14,10,11,13,15"
12003172,"12,1,14,10,11,13,15"
10000073,"12,1,14,10,11,13,15"
10987903,"12,1,14,10,11,13,15"
10917710,"12,1,14,10,11,13,15"
12002910,"12,1,14,10,11,13,15"
10931463,"12,1,14,10,11,13,15"
10920356,"12,1,14,10,11,13,15"
10901037,"12,1,14,10,11,13,15"
10988178,"12,1,14,10,11,13,15"
10989730,"12,1,14,10,11,13,15"
10984881,"12,1,14,10,11,13,15"
10989011,"12,1,14,10,11,13,15"
12003581,"12,1,14,10,11,13,15"
10914633,"12,1,14,10,11,13,15"
10928433,"12,1,14,10,11,13,15"
10927894,"12,1,14,10,11,13,15"
10987284,"12,1,14,10,11,13,15"
10914365,"12,1,14,10,11,13,15"
12002205,"12,1,14,10,11,13,15"
10989916,"12,1,14,10,11,13,15"
80401136,"12,1,14,10,11,13,15"
10902577,"12,1,14,10,11,13,15"
10931597,"12,1,14,10,11,13,15"
10918538,"12,1,14,10,11,13,15"
10905419,"12,1,14,10,11,13,15"
10920199,"12,1,14,10,11,13,15"
10928881,"12,1,14,10,11,13,15"
10007472,"12,1,14,10,11,13,15"
10988412,"12,1,14,10,11,13,15"
12002022,"12,1,14,10,11,13,15"
10905823,"12,1,14,10,11,13,15"
12002283,"12,1,14,10,11,13,15"
10931216,"12,1,14,10,11,13,15"
12003476,"12,1,14,10,11,13,15"
10919977,"12,1,14,10,11,13,15"
10989417,"12,1,14,10,11,13,15"
10905718,"12,1,14,10,11,13,15"
10905560,"12,1,14,10,11,13,15"
10900161,"12,1,14,10,11,13,15"
10000862,"12,1,14,10,11,13,15"
10904032,"12,1,14,10,11,13,15"
10930874,"12,1,14,10,11,13,15"
80401134,"12,1,14,10,11,13,15"
10918626,"12,1,14,10,11,13,15"
10951296,"12,1,14,10,11,13,15"
10984858,"12,1,14,10,11,13,15"
10988908,"12,1,14,10,11,13,15"
10949421,"12,1,14,10,11,13,15"
10988182,"12,1,14,10,11,13,15"
10920843,"12,1,14,10,11,13,15"
10001026,"12,1,14,10,11,13,15"
10934086,"12,1,14,10,11,13,15"
10988256,"12,1,14,10,11,13,15"
10990777,"12,1,14,10,11,13,15"
10006389,"12,1,14,10,11,13,15"
10985760,"12,1,14,10,11,13,15"
10986330,"12,1,14,10,11,13,15"
10001123,"12,1,14,10,11,13,15"
10989014,"12,1,14,10,11,13,15"
10928825,"12,1,14,10,11,13,15"
10987565,"12,1,14,10,11,13,15"
10988165,"12,1,14,10,11,13,15"
10927897,"12,1,14,10,11,13,15"
12002568,"12,1,14,10,11,13,15"
12003448,"12,1,14,10,11,13,15"
10926130,"12,1,14,10,11,13,15"
10964171,"12,1,14,10,11,13,15"
10914842,"12,1,14,10,11,13,15"
10953082,"12,1,14,10,11,13,15"
10917174,"12,1,14,10,11,13,15"
10990649,"12,1,14,10,11,13,15"
12001139,"12,1,14,10,11,13,15"
10932481,"12,1,14,10,11,13,15"
12003123,"12,1,14,10,11,13,15"
10980044,"12,1,14,10,11,13,15"
10988184,"12,1,14,10,11,13,15"
12002746,"12,1,14,10,11,13,15"
10916368,"12,1,14,10,11,13,15"
10984859,"12,1,14,10,11,13,15"
10000390,"12,1,14,10,11,13,15"
10931321,"12,1,14,10,11,13,15"
10931396,"12,1,14,10,11,13,15"
10977547,"12,1,14,10,11,13,15"
10975738,"12,1,14,10,11,13,15"
10981909,"12,1,14,10,11,13,15"
10975750,"12,1,14,10,11,13,15"
10900413,"12,1,14,10,11,13,15"
10921033,"12,1,14,10,11,13,15"
12003033,"12,1,14,10,11,13,15"
10915446,"12,1,14,10,11,13,15"
10932126,"12,1,14,10,11,13,15"
10984618,"12,1,14,10,11,13,15"
12003308,"12,1,14,10,11,13,15"
10914090,"12,1,14,10,11,13,15"
80401080,"12,1,14,10,11,13,15"
10903992,"12,1,14,10,11,13,15"
10007424,"12,1,14,10,11,13,15"
10937214,"12,1,14,10,11,13,15"
10984585,"12,1,14,10,11,13,15"
12001675,"12,1,14,10,11,13,15"
10985216,"12,1,14,10,11,13,15"
10901947,"12,1,14,10,11,13,15"
10991427,"12,1,14,10,11,13,15"
10982160,"12,1,14,10,11,13,15"
10990111,"12,1,14,10,11,13,15"
12001622,"12,1,14,10,11,13,15"
10900956,"12,1,14,10,11,13,15"
10901976,"12,1,14,10,11,13,15"
10932406,"12,1,14,10,11,13,15"
10988496,"12,1,14,10,11,13,15"
10901547,"12,1,14,10,11,13,15"
12002327,"12,1,14,10,11,13,15"
10975778,"12,1,14,10,11,13,15"
10931329,"12,1,14,10,11,13,15"
10975779,"12,1,14,10,11,13,15"
10928780,"12,1,14,10,11,13,15"
10988261,"12,1,14,10,11,13,15"
10950562,"12,1,14,10,11,13,15"
10990762,"12,1,14,10,11,13,15"
12002272,"12,1,14,10,11,13,15"
10928753,"12,1,14,10,11,13,15"
10904054,"12,1,14,10,11,13,15"
10975444,"12,1,14,10,11,13,15"
10991294,"12,1,14,10,11,13,15"
12000225,"12,1,14,10,11,13,15"
12000336,"12,1,14,10,11,13,15"
10985647,"12,1,14,10,11,13,15"
10988287,"12,1,14,10,11,13,15"
10927970,"12,1,14,10,11,13,15"
10988181,"12,1,14,10,11,13,15"
80400921,"12,1,14,10,11,13,15"
12003124,"12,1,14,10,11,13,15"
12000247,"12,1,14,10,11,13,15"
10919288,"12,1,14,10,11,13,15"
12000088,"12,1,14,10,11,13,15"
10984149,"12,1,14,10,11,13,15"
12003119,"12,1,14,10,11,13,15"
10931592,"12,1,14,10,11,13,15"
10987343,"12,1,14,10,11,13,15"
10987734,"12,1,14,10,11,13,15"
10985995,"12,1,14,10,11,13,15"
10920357,"12,1,14,10,11,13,15"
10933757,"12,1,14,10,11,13,15"
10901038,"12,1,14,10,11,13,15"
10984931,"12,1,14,10,11,13,15"
10988203,"12,1,14,10,11,13,15"
10988194,"12,1,14,10,11,13,15"
10917035,"12,1,14,10,11,13,15"
80401086,"12,1,14,10,11,13,15"
10913577,"12,1,14,10,11,13,15"
10985877,"12,1,14,10,11,13,15"
10988439,"12,1,14,10,11,13,15"
12002019,"12,1,14,10,11,13,15"
10906106,"12,1,14,10,11,13,15"
10988246,"12,1,14,10,11,13,15"
10914007,"12,1,14,10,11,13,15"
10984717,"12,1,14,10,11,13,15"
20000239,"12,1,14,10,11,13,15"
10980251,"12,1,14,10,11,13,15"
12003391,"12,1,14,10,11,13,15"
10000602,"12,1,14,10,11,13,15"
10971272,"12,1,14,10,11,13,15"
10000903,"12,1,14,10,11,13,15"
10903973,"12,1,14,10,11,13,15"
10931493,"12,1,14,10,11,13,15"
12002273,"12,1,14,10,11,13,15"
12003403,"12,1,14,10,11,13,15"
10986335,"12,1,14,10,11,13,15"
10931086,"12,1,14,10,11,13,15"
10954326,"12,1,14,10,11,13,15"
10930058,"12,1,14,10,11,13,15"
10987748,"12,1,14,10,11,13,15"
10917840,"12,1,14,10,11,13,15"
10989900,"12,1,14,10,11,13,15"
12001620,"12,1,14,10,11,13,15"
10985731,"12,1,14,10,11,13,15"
90900351,"12,1,14,10,11,13,15"
10932702,"12,1,14,10,11,13,15"
10988302,"12,1,14,10,11,13,15"
80401473,"12,1,14,10,11,13,15"
10901647,"12,1,14,10,11,13,15"
12001629,"12,1,14,10,11,13,15"
10902931,"12,1,14,10,11,13,15"
10000072,"12,1,14,10,11,13,15"
10931102,"12,1,14,10,11,13,15"
10985232,"12,1,14,10,11,13,15"
10990082,"12,1,14,10,11,13,15"
12001882,"12,1,14,10,11,13,15"
10900374,"12,1,14,10,11,13,15"
10930986,"12,1,14,10,11,13,15"
12001177,"12,1,14,10,11,13,15"
10955628,"12,1,14,10,11,13,15"
10987308,"12,1,14,10,11,13,15"
10920200,"12,1,14,10,11,13,15"
10985100,"12,1,14,10,11,13,15"
10986751,"12,1,14,10,11,13,15"
10915962,"12,1,14,10,11,13,15"
10930313,"12,1,14,10,11,13,15"
10991386,"12,1,14,10,11,13,15"
10988169,"12,1,14,10,11,13,15"
12001589,"12,1,14,10,11,13,15"
10900932,"12,1,14,10,11,13,15"
10906133,"12,1,14,10,11,13,15"
10971743,"12,1,14,10,11,13,15"
10929267,"12,1,14,10,11,13,15"
10000489,"12,1,14,10,11,13,15"
10949150,"12,1,14,10,11,13,15"
10988750,"12,1,14,10,11,13,15"
12000780,"12,1,14,10,11,13,15"
10000711,"12,1,14,10,11,13,15"
10989191,"12,1,14,10,11,13,15"
10903514,"12,1,14,10,11,13,15"
10983194,"12,1,14,10,11,13,15"
10989155,"12,1,14,10,11,13,15"
12003165,"12,1,14,10,11,13,15"
10989556,"12,1,14,10,11,13,15"
12001766,"12,1,14,10,11,13,15"
12003618,"12,1,14,10,11,13,15"
10983639,"12,1,14,10,11,13,15"
10988170,"12,1,14,10,11,13,15"
10931623,"12,1,14,10,11,13,15"
10917516,"12,1,14,10,11,13,15"
10905868,"12,1,14,10,11,13,15"
10931638,"12,1,14,10,11,13,15"
12001690,"12,1,14,10,11,13,15"
10975913,"12,1,14,10,11,13,15"
10931215,"12,1,14,10,11,13,15"
10988245,"12,1,14,10,11,13,15"
10974966,"12,1,14,10,11,13,15"
10984556,"12,1,14,10,11,13,15"
10989436,"12,1,14,10,11,13,15"
10906739,"12,1,14,10,11,13,15"
10945849,"12,1,14,10,11,13,15"
10900080,"12,1,14,10,11,13,15"
10929050,"12,1,14,10,11,13,15"
10975580,"12,1,14,10,11,13,15"
10932171,"12,1,14,10,11,13,15"
10981181,"12,1,14,10,11,13,15"
10931852,"12,1,14,10,11,13,15"
10980432,"12,1,14,10,11,13,15"
10987492,"12,1,14,10,11,13,15"
12000482,"12,1,14,10,11,13,15"
10932404,"12,1,14,10,11,13,15"
10986404,"12,1,14,10,11,13,15"
10985815,"12,1,14,10,11,13,15"
10988257,"12,1,14,10,11,13,15"
10928828,"12,1,14,10,11,13,15"
10982258,"12,1,14,10,11,13,15"
10904741,"12,1,14,10,11,13,15"
10926954,"12,1,14,10,11,13,15"
10931664,"12,1,14,10,11,13,15"
10949849,"12,1,14,10,11,13,15"
10986400,"12,1,14,10,11,13,15"
10983283,"12,1,14,10,11,13,15"
10974964,"12,1,14,10,11,13,15"
10988535,"12,1,14,10,11,13,15"
10989075,"12,1,14,10,11,13,15"
10931246,"12,1,14,10,11,13,15"
10980209,"12,1,14,10,11,13,15"
12003479,"12,1,14,10,11,13,15"
10969710,"12,1,14,10,11,13,15"
10927674,"12,1,14,10,11,13,15"
10930877,"12,1,14,10,11,13,15"
10981877,"12,1,14,10,11,13,15"
10905978,"12,1,14,10,11,13,15"
10914488,"12,1,14,10,11,13,15"
10933988,"12,1,14,10,11,13,15"
10904869,"12,1,14,10,11,13,15"
90000009,"12,1,14,10,11,13,15"
10989280,"12,1,14,10,11,13,15"
12002243,"12,1,14,10,11,13,15"
10988004,"12,1,14,10,11,13,15"
10975876,"12,1,14,10,11,13,15"
12001226,"12,1,14,10,11,13,15"
10929237,"12,1,14,10,11,13,15"
10969747,"12,1,14,10,11,13,15"
10903049,"12,1,14,10,11,13,15"
10931642,"12,1,14,10,11,13,15"
10988772,"12,1,14,10,11,13,15"
10927515,"12,1,14,10,11,13,15"
10987405,"12,1,14,10,11,13,15"
10929826,"12,1,14,10,11,13,15"
10934307,"12,1,14,10,11,13,15"
10985637,"12,1,14,10,11,13,15"
10988248,"12,1,14,10,11,13,15"
10920351,"12,1,14,10,11,13,15"
12000106,"12,1,14,10,11,13,15"
10925019,"12,1,14,10,11,13,15"
12001209,"12,1,14,10,11,13,15"
10002931,"12,1,14,10,11,13,15"
10988771,"12,1,14,10,11,13,15"
10982152,"12,1,14,10,11,13,15"
10988202,"12,1,14,10,11,13,15"
10985993,"12,1,14,10,11,13,15"
10915915,"12,1,14,10,11,13,15"
10949215,"12,1,14,10,11,13,15"
10983955,"12,1,14,10,11,13,15"
12003525,"12,1,14,10,11,13,15"
10929056,"12,1,14,10,11,13,15"
10985776,"12,1,14,10,11,13,15"
10917167,"12,1,14,10,11,13,15"
10981178,"12,1,14,10,11,13,15"
12002252,"12,1,14,10,11,13,15"
10933903,"12,1,14,10,11,13,15"
10918974,"12,1,14,10,11,13,15"
10983595,"12,1,14,10,11,13,15"
10901106,"12,1,14,10,11,13,15"
10934366,"12,1,14,10,11,13,15"
12003437,"12,1,14,10,11,13,15"
12000538,"12,1,14,10,11,13,15"
10920709,"12,1,14,10,11,13,15"
10988159,"12,1,14,10,11,13,15"
12001190,"12,1,14,10,11,13,15"
10989871,"12,1,14,10,11,13,15"
90900341,"12,1,14,10,11,13,15"
10902722,"12,1,14,10,11,13,15"
10932402,"12,1,14,10,11,13,15"
10929273,"12,1,14,10,11,13,15"
10921424,"12,1,14,10,11,13,15"
10922264,"12,1,14,10,11,13,15"
10928694,"12,1,14,10,11,13,15"
10989425,"12,1,14,10,11,13,15"
10915847,"12,1,14,10,11,13,15"
10933987,"12,1,14,10,11,13,15"
12000287,"12,1,14,10,11,13,15"
10901719,"12,1,14,10,11,13,15"
10919359,"12,1,14,10,11,13,15"
10983819,"12,1,14,10,11,13,15"
10975700,"12,1,14,10,11,13,15"
12003510,"12,1,14,10,11,13,15"
10975801,"12,1,14,10,11,13,15"
10989301,"12,1,14,10,11,13,15"
12000081,"12,1,14,10,11,13,15"
10901882,"12,1,14,10,11,13,15"
10920242,"12,1,14,10,11,13,15"
12002082,"12,1,14,10,11,13,15"
80100163,"12,1,14,10,11,13,15"
10976434,"12,1,14,10,11,13,15"
10985894,"12,1,14,10,11,13,15"
10984856,"12,1,14,10,11,13,15"
10985446,"12,1,14,10,11,13,15"
10975577,"12,1,14,10,11,13,15"
10918118,"12,1,14,10,11,13,15"
10926078,"12,1,14,10,11,13,15"
10927859,"12,1,14,10,11,13,15"
10930829,"12,1,14,10,11,13,15"
10000861,"12,1,14,10,11,13,15"
10904301,"12,1,14,10,11,13,15"
10927141,"12,1,14,10,11,13,15"
12001911,"12,1,14,10,11,13,15"
10918892,"12,1,14,10,11,13,15"
10987812,"12,1,14,10,11,13,15"
10987953,"12,1,14,10,11,13,15"
10984055,"12,1,14,10,11,13,15"
10988375,"12,1,14,10,11,13,15"
10985699,"12,1,14,10,11,13,15"
12001890,"12,1,14,10,11,13,15"
10945621,"12,1,14,10,11,13,15"
10987724,"12,1,14,10,11,13,15"
12003545,"12,1,14,10,11,13,15"
10951646,"12,1,14,10,11,13,15"
10000487,"12,1,14,10,11,13,15"
10914378,"12,1,14,10,11,13,15"
10930128,"12,1,14,10,11,13,15"
10905979,"12,1,14,10,11,13,15"
10987321,"12,1,14,10,11,13,15"
10991461,"12,1,14,10,11,13,15"
10984822,"12,1,14,10,11,13,15"
20000113,"12,1,14,10,11,13,15"
10984555,"12,1,14,10,11,13,15"
10986325,"12,1,14,10,11,13,15"
10902587,"12,1,14,10,11,13,15"
20000237,"12,1,14,10,11,13,15"
10010009,"12,1,14,10,11,13,15"
10990650,"12,1,14,10,11,13,15"
10001611,"12,1,14,10,11,13,15"
10930211,"12,1,14,10,11,13,15"
10984711,"12,1,14,10,11,13,15"
10929163,"12,1,14,10,11,13,15"
10932373,"12,1,14,10,11,13,15"
12003404,"12,1,14,10,11,13,15"
12000275,"12,1,14,10,11,13,15"
10929557,"12,1,14,10,11,13,15"
10975777,"12,1,14,10,11,13,15"
12002257,"12,1,14,10,11,13,15"
10985950,"12,1,14,10,11,13,15"
10988260,"12,1,14,10,11,13,15"
10916091,"12,1,14,10,11,13,15"
10930381,"12,1,14,10,11,13,15"
10932242,"12,1,14,10,11,13,15"
10990922,"12,1,14,10,11,13,15"
10988183,"12,1,14,10,11,13,15"
80400623,"12,1,14,10,11,13,15"
12000584,"12,1,14,10,11,13,15"
10918946,"12,1,14,10,11,13,15"
12000996,"12,1,14,10,11,13,15"
10988247,"12,1,14,10,11,13,15"
10901538,"12,1,14,10,11,13,15"
10931738,"12,1,14,10,11,13,15"
10983818,"12,1,14,10,11,13,15"
10001610,"12,1,14,10,11,13,15"
10929940,"12,1,14,10,11,13,15"
10985242,"12,1,14,10,11,13,15"
12003472,"12,1,14,10,11,13,15"
10938253,"12,1,14,10,11,13,15"
10904804,"12,1,14,10,11,13,15"
10989394,"12,1,14,10,11,13,15"
10930405,"12,1,14,10,11,13,15"
10981966,"12,1,14,10,11,13,15"
10953558,"12,1,14,10,11,13,15"
10991478,"12,1,14,10,11,13,15"
12000128,"12,1,14,10,11,13,15"
10988219,"12,1,14,10,11,13,15"
10001140,"12,1,14,10,11,13,15"
80410051,"12,1,14,10,11,13,15"
12001952,"12,1,14,10,11,13,15"
10925593,"12,1,14,10,11,13,15"
12000323,"12,1,14,10,11,13,15"
10988224,"12,1,14,10,11,13,15"
10986435,"12,1,14,10,11,13,15"
12000386,"12,1,14,10,11,13,15"
10931397,"12,1,14,10,11,13,15"
10975737,"12,1,14,10,11,13,15"
10991417,"12,1,14,10,11,13,15"
10969120,"12,1,14,10,11,13,15"
10988730,"12,1,14,10,11,13,15"
10949431,"12,1,14,10,11,13,15"
10975201,"12,1,14,10,11,13,15"
10975281,"12,1,14,10,11,13,15"
10980431,"12,1,14,10,11,13,15"
10928422,"12,1,14,10,11,13,15"
10901743,"12,1,14,10,11,13,15"
10974963,"12,1,14,10,11,13,15"
10914374,"12,1,14,10,11,13,15"
10916145,"12,1,14,10,11,13,15"
10975736,"12,1,14,10,11,13,15"
10990736,"12,1,14,10,11,13,15"
10982259,"12,1,14,10,11,13,15"
10900412,"12,1,14,10,11,13,15"
10903972,"12,1,14,10,11,13,15"
10932423,"12,1,14,10,11,13,15"
10955633,"12,1,14,10,11,13,15"
10989433,"12,1,14,10,11,13,15"
12000413,"12,1,14,10,11,13,15"
10984074,"12,1,14,10,11,13,15"
10918195,"12,1,14,10,11,13,15"
10920566,"12,1,14,10,11,13,15"
10925586,"12,1,14,10,11,13,15"
10988796,"12,1,14,10,11,13,15"
12000696,"12,1,14,10,11,13,15"
12003467,"12,1,14,10,11,13,15"
10988189,"12,1,14,10,11,13,15"
10988272,"12,1,14,10,11,13,15"
12003412,"12,1,14,10,11,13,15"
10915213,"12,1,14,10,11,13,15"
10925583,"12,1,14,10,11,13,15"
10900594,"12,1,14,10,11,13,15"
10918454,"12,1,14,10,11,13,15"
10900595,"12,1,14,10,11,13,15"
10983446,"12,1,14,10,11,13,15"
10983607,"12,1,14,10,11,13,15"
10983951,"12,1,14,10,11,13,15"
10921002,"12,1,14,10,11,13,15"
10929713,"12,1,14,10,11,13,15"
10934053,"12,1,14,10,11,13,15"
10988773,"12,1,14,10,11,13,15"
10920354,"12,1,14,10,11,13,15"
10905976,"12,1,14,10,11,13,15"
12003518,"12,1,14,10,11,13,15"
10989869,"12,1,14,10,11,13,15"
10929371,"12,1,14,10,11,13,15"
10905032,"12,1,14,10,11,13,15"
10983962,"12,1,14,10,11,13,15"
10991425,"12,1,14,10,11,13,15"
10985739,"12,1,14,10,11,13,15"
10919011,"12,1,14,10,11,13,15"
10969742,"12,1,14,10,11,13,15"
12003422,"12,1,14,10,11,13,15"
10950614,"12,1,14,10,11,13,15"
10926086,"12,1,14,10,11,13,15"
10901718,"12,1,14,10,11,13,15"
10920358,"12,1,14,10,11,13,15"
10988188,"12,1,14,10,11,13,15"
12001708,"12,1,14,10,11,13,15"
10905019,"12,1,14,10,11,13,15"
10985579,"12,1,14,10,11,13,15"
12001110,"12,1,14,10,11,13,15"
10989901,"12,1,14,10,11,13,15"
10928602,"12,1,14,10,11,13,15"
10929913,"12,1,14,10,11,13,15"
10932003,"12,1,14,10,11,13,15"
10986205,"12,1,14,10,11,13,15"
